"","y1","y2","y3","X1","X2","X3","X4","C_X1","C_X2","C_X3","C_X4","C_X5","E_X1","E_X2"
"1",2.45681226237433,4.95681226237433,4.40379797448135,"2",-0.130389980339092,"1",1,1.53843019889679,-0.995798724851333,1.05170127017537,-0.820986697119997,-0.701505236840661,-0.511603722189581,"0"
"2",1.90284641442661,3.90284641442661,4.26018182632316,"0",0.0470773144569714,"1",0,-0.109710321176239,-1.03995504376619,0.622905462337194,-0.307257232988639,0.88223456781802,0.236937879127631,"0"
"3",1.60292162137008,3.10292162137008,3.44583287736219,"1",0.0155921699127422,"1",1,0.511470754698125,-0.0179802405766626,0.433620389808855,-0.902098008539463,-0.133370388722892,-0.541589171621698,"0"
"4",2.11211285764544,4.11211285764544,4.20384029930388,"0",-0.192371326826026,"1",1,0.213957979642262,-0.132175132856735,0.386084438184412,0.627068743114984,-1.12067849929142,1.21922764704307,"1"
"5",1.84928673999299,3.84928673999299,6.7436998809619,"0",-0.0142616172247197,"1",0,-0.186120699373496,-2.54934277475043,1.29132330445808,1.12035502842611,0.461192454211788,0.174135875106149,"0"
"6",2.57395434221794,5.07395434221794,-0.160865161435564,"2",0.28891017168467,"1",0,-0.120393824622494,1.04057345571938,-1.00225987371065,2.12721355249353,1.52414281017881,-0.615268316096478,"0"
"7",1.41855945412223,2.91855945412223,0.552498959987639,"1",0.0903008106158429,"1",0,1.01283433584425,0.24972573598519,-1.10518272915749,0.366114382931719,0.434468298132828,-1.80689296408533,"0"
"8",1.79299289910005,1.79299289910005,1.94600288417485,"0",0.00824658439858799,"0",1,-0.2014581469715,2.41620737314833,0.591946003397209,-0.874781377193686,0.192000371138929,-0.643681105896039,"0"
"9",1.5221521560523,3.0221521560523,2.89926915018504,"1",-0.084499366467925,"1",0,-2.0376824944408,0.685198238051097,-0.119689664133114,1.02447486299323,-0.656243128417058,2.04601885213282,"1"
"10",1.6607117951847,3.1607117951847,5.69544872899062,"1",-0.410649444308103,"1",0,-0.195889248829828,-0.446959308961992,0.0740052116849605,0.90475889369531,0.568398530869528,-0.560762421131065,"1"
"11",2.04146002886692,4.04146002886692,3.66117295088472,"0",0.226267442682835,"1",1,0.539790605536274,2.7973911469581,0.741277377171399,-0.238248695902827,-1.07057053489039,-0.835999305852858,"1"
"12",1.60695403085177,3.10695403085177,-0.399148895950165,"1",-0.292128014184964,"1",1,0.61645571635144,2.83222602391551,0.753295047849076,-1.55785490387231,-1.65314902448089,0.652947502777847,"0"
"13",2.1101474091938,4.1101474091938,4.07410292728626,"0",0.147989502175467,"1",0,0.616567817477434,-1.21871181629018,-0.262670503361778,0.761309895393914,-0.0433527684937541,0.441293124842934,"0"
"14",1.6663468079683,3.1663468079683,3.37156987578556,"1",0.381820713843497,"1",0,-1.69210152086908,0.469031955955424,-0.312543868997102,1.12914439564163,-0.0345935057990383,0.751629056591275,"1"
"15",2.52174951412469,5.02174951412469,4.8180433213774,"2",-0.28877863219436,"1",1,0.368742058011194,-0.21124691863215,0.0735986090078693,-0.295107830705934,2.36505553200281,-0.277975085155337,"0"
"16",1.94622012494296,3.94622012494296,1.94765355421017,"0",0.140356867074942,"1",1,0.967859209947064,0.187051146554012,1.06301778929474,0.536242818358026,-1.2163473078919,1.12265421625967,"0"
"17",2.48956962163384,4.98956962163384,0.956783726605165,"2",-0.0524394978804936,"1",0,1.27657868146766,0.227542728568814,0.426020486679004,-0.275890474750511,0.170906323349044,-1.17260886019801,"0"
"18",2.62986718894331,5.12986718894331,3.30404229119241,"2",-0.314428831829098,"1",0,-0.224961271044116,-1.26190046286905,1.43300751082319,0.682315245137513,0.805053093622193,-0.048876767973659,"0"
"19",2.4878006887863,2.4878006887863,6.51386394481063,"2",-0.30293353075635,"0",1,-0.321892586182801,0.285589580242562,-0.00763687041997194,-0.117290714714849,1.05059284411588,-0.704140337217957,"1"
"20",2.08416583772648,2.08416583772648,2.34704783369994,"0",-0.320307234714919,"0",1,1.48783783187804,1.7492473631418,1.12566760522075,-0.344675863920062,-0.0107244846593236,0.680758638017183,"1"
"21",2.10800119542811,2.10800119542811,6.2320933041617,"0",-0.106181304434061,"0",1,-1.66792804577932,-0.164090004134803,0.883002311017247,0.11162049819721,-0.743256141429252,0.130006761402136,"0"
"22",2.07464116648722,2.07464116648722,7.16821910969431,"0",-0.29235111699918,"0",1,-0.436829976913125,-0.162926710698454,0.61208346090007,-0.283405314982296,-0.0657840518699871,1.10970808177014,"1"
"23",1.44908711270222,1.44908711270222,-0.355480623109669,"1",0.137583354595166,"0",0,0.457462079357455,1.39857200633747,0.414700706778464,-0.591017164454285,1.93975599193716,2.05850086898135,"0"
"24",2.14882378564048,2.14882378564048,5.82902294168605,"0",0.420021788105134,"0",1,-1.61777376538123,0.898396240682948,-0.279882397142518,-0.315936931242398,0.482739008175833,0.140655531724984,"1"
"25",1.67772275238593,3.17772275238593,2.74527585360133,"1",-0.257406095207036,"1",0,0.279627862431757,-1.64849481838129,-0.109037509169232,-0.00815215232553516,-2.04447707255807,-0.534616652198382,"0"
"26",2.07982569579427,4.07982569579427,2.83721047949569,"0",0.157547769495036,"1",1,1.87786402105219,0.228556973262187,0.229395495708467,0.207495140718474,1.42345912865025,-0.823516726518704,"0"
"27",1.64732461874591,3.14732461874591,0.388265964640841,"1",0.153808448200182,"1",0,-0.00406065343634058,1.65354723467773,0.0488888906792862,1.53242362162584,0.540502660915081,-0.263033982230645,"0"
"28",1.51832412785462,3.01832412785462,2.82664462268629,"1",0.0664405157900235,"1",1,-0.278454024963586,1.41527634991914,0.943224468386221,-1.35799783095348,-0.033571771837525,-0.0696018363603779,"1"
"29",2.58170044501385,2.58170044501385,3.5757980115557,"2",-0.201675321655402,"0",0,0.474911714034054,0.41995160381423,-0.109317123186431,-0.199619050552942,-0.0178636211100986,1.99180191472057,"1"
"30",2.44472506577442,2.44472506577442,2.94763686074548,"2",-0.0238905213261317,"0",1,-0.279072170787307,0.721220807112894,-0.0703769215878276,0.631523127780826,-0.149789719793403,-1.12910954273777,"0"
"31",2.06368192865244,4.06368192865244,4.19038669617097,"0",-0.0560790670340493,"1",0,0.813400374079065,-1.19693521218868,-0.484319087565665,1.76202090344287,0.25655948095525,-1.09321743652488,"1"
"32",1.96204493436171,1.96204493436171,2.4343979839077,"0",0.112597906644096,"0",0,0.904435464449695,0.300131566881373,-0.138336328543328,0.426014362615495,-0.503866933037016,-0.407966690317779,"1"
"33",1.86349187461235,3.86349187461235,4.49427664481012,"0",-0.0744877512207658,"1",0,0.00269166123012091,-0.954448935187822,-0.0687656423038444,-0.0137534164753999,0.277011251660008,0.587559463498313,"1"
"34",2.05097837650009,2.05097837650009,3.07585464912513,"0",0.195394677337124,"0",0,-1.17669215774973,-0.458018068096944,-2.31373577389942,-0.307556909596359,-0.931356024820741,0.821111859737407,"1"
"35",2.70019755453336,2.70019755453336,1.22642075781516,"2",-0.0749161715534028,"0",0,-1.31822072745909,0.935603683779603,-1.36483169721432,0.41430816410829,0.200146875274757,-0.907934699241847,"0"
"36",1.62441949114779,3.12441949114779,4.51485002767378,"1",0.210542293115866,"1",0,-0.592997365655317,-1.13689311169114,-0.072486909951959,0.98905792019639,1.10683742066645,0.127038606349588,"0"
"37",2.1605562346473,4.1605562346473,3.36767203200494,"0",-0.209835401333213,"1",1,0.797380500549836,0.266918250873058,-0.265283774864499,-0.183858310546053,0.509206113653801,-0.0428929778975765,"0"
"38",2.59940522194497,5.09940522194497,2.20641874356057,"2",-0.252031048951622,"1",0,-1.95820517465693,0.428332039471543,-1.20086932820744,0.163761406846557,1.03374967645111,1.19520647042577,"0"
"39",2.85931787656404,5.35931787656404,5.58775595281788,"2",0.648207986988481,"1",0,-1.88632515873255,0.0549119698396297,-1.99153817604302,0.216936344144384,-1.09086876180262,1.08919223650205,"1"
"40",2.48672672444125,2.48672672444125,2.07745813135799,"2",-0.0833715176320864,"0",0,-0.653779824760103,1.82218882183542,-0.354369219913427,0.729277634209656,0.0547927844725968,-0.312280694434521,"1"
"41",2.47623277717305,2.47623277717305,0.976450842821241,"2",0.0596455183081431,"0",0,0.394394847980585,-1.02234732857525,0.653495765694276,1.11138040702469,0.617250302722063,0.0459937666619196,"0"
"42",1.46933886001777,2.96933886001777,4.21525664007713,"1",0.12731393480677,"1",1,-0.913566048164992,0.6061302614356,1.77323863192756,0.279160816939631,-1.06800486773328,0.652722613401543,"0"
"43",1.57977847614542,3.07977847614542,-0.585574205504629,"1",-0.0967561251417487,"1",0,0.886749037096059,-0.0889305674506674,-0.0384567937093384,-0.0761706715471799,1.56581433705846,-1.65349263659697,"0"
"44",1.39094950467754,2.89094950467754,4.0972026940739,"1",0.103372408862722,"1",1,0.333369970155182,-0.260832243833924,1.49318484062772,1.39466313220858,-1.03480801098526,-0.310270965480046,"0"
"45",2.59208200611002,2.59208200611002,3.37759882577972,"2",0.0737929054770172,"0",1,-0.17063961823861,0.464091233852381,0.0830221576359683,0.164534117605585,0.16451870850584,0.574872884002481,"1"
"46",2.58827079914547,5.08827079914547,3.83411138852288,"2",-0.0430761015283387,"1",0,0.81882813653178,-1.02040059068393,0.11553210425956,1.57785197879348,0.151832330355081,-0.523232154380118,"1"
"47",2.3803082913022,4.8803082913022,5.07490210168771,"2",0.0130586067050631,"1",0,0.388365162819368,-1.31345091651841,0.324825313348747,-0.0619226576195498,0.121670301966854,-0.0599182013481885,"0"
"48",1.56399562290114,3.06399562290114,4.99289995448517,"1",-0.0068134507476928,"1",0,-0.445935027212156,-0.494480875483423,-0.870577245260919,0.613922964193686,-0.210424583643468,-0.0210075354337069,"1"
"49",2.92423496469147,5.42423496469147,3.75726214392105,"2",0.425690379803236,"1",1,0.23111493441816,1.75175714975545,-0.0517182128948834,-1.54608859424524,0.449936787146205,-0.723653214316312,"1"
"50",1.96626162011132,3.96626162011132,2.21073961307249,"0",-0.148267219254566,"1",1,0.647513357977592,0.0557647746125201,0.908447698792251,-0.112391961337408,-1.03116449189746,-0.994479836178391,"0"
"51",2.63253873683847,5.13253873683847,1.46107190246927,"2",-0.219199253414933,"1",0,0.356283344862047,0.331434398227886,-0.749725786852189,-0.0217945399608857,-1.28936418822322,-0.199867234998128,"0"
"52",1.42183693396254,2.92183693396254,6.98549769032991,"1",0.00755767983421576,"1",1,-0.658010207949479,-0.18984663767754,-0.321606069887961,-0.758345417416546,-0.654568638113246,-0.347027822807086,"1"
"53",2.11492707365127,4.11492707365127,1.97783546262922,"0",0.0620961498886274,"1",0,0.855202205064192,0.470492731953825,-1.14777075045925,-1.0358928844223,-0.0573241038477797,0.834095065661453,"0"
"54",2.53260458189825,5.03260458189825,2.33676851501966,"2",0.0873046957820366,"1",0,1.15293622555862,-0.951679543017146,0.354352196449355,0.948159302551811,1.25674782035705,1.52988221249492,"0"
"55",1.67359549029157,3.17359549029157,1.05896336009603,"1",-0.0916730665422211,"1",0,0.276274556543337,1.15791046656864,0.424799782389022,0.91415873392772,1.58745413986454,-0.0119223793666472,"0"
"56",2.39932942583375,2.39932942583375,1.37661360536753,"2",-0.212665226794238,"0",1,0.144104662462187,0.584705260241351,0.648347351224082,-1.29873199484646,0.319481462544746,0.398671992491547,"0"
"57",2.55869568295115,5.05869568295115,6.46511019913209,"2",0.252637035217898,"1",0,-0.075625080779838,-0.806452822691705,-1.2198100315169,0.424378794934342,0.381591622693148,-0.0704153139057291,"1"
"58",1.95219769813928,3.95219769813928,3.11787602717029,"0",-0.0699300775907109,"1",1,2.16141584630279,0.0545532458119923,0.107235034754764,-1.11254531995509,-0.243644883639445,0.601359843881131,"1"
"59",2.01023801370911,2.01023801370911,1.61791783013641,"0",-0.173102572530675,"0",0,0.276315532135793,0.716331619499123,-0.944057691649846,-1.05107322618156,0.0480530840530341,0.218495462278797,"0"
"60",1.43927524711936,1.43927524711936,1.63144053696157,"1",-0.0472559137882193,"0",0,-0.158294028699944,0.557730982054603,-0.000384648716023502,0.525412448266355,-1.40454586110179,0.236595501860209,"0"
"61",1.41817077527899,2.91817077527899,1.18841677033922,"1",-0.0394351788697104,"1",1,-2.50791780219725,1.48193401587688,1.34262392000608,-0.686024000093054,0.289933728895764,1.112915127616,"0"
"62",2.60714915944237,2.60714915944237,4.5501548261075,"2",0.221984057942728,"0",0,-1.56528176503053,-0.61298775489485,-0.503525286934276,0.993479982122214,-0.535553582293745,-0.987421149395455,"0"
"63",1.39152914493986,2.89152914493986,1.38450371050924,"1",0.0169474584394393,"1",1,-0.0776732006105648,1.11613661549039,0.716683320938825,0.0385235990753455,0.334678773100549,1.44786401312549,"0"
"64",2.67114697759367,2.67114697759367,1.26517246116842,"2",0.150810757036904,"0",0,0.206294044843098,1.03654800994122,-0.749668584083695,0.536148975785724,-0.345981339154502,0.349112412179829,"0"
"65",1.8913510422051,1.8913510422051,4.19690514674714,"0",-0.0998584034344522,"0",1,0.276872458861614,-0.162483131902855,-0.478528210450305,-0.523626697886161,-0.661615734836447,0.180822010712195,"0"
"66",1.51194738677159,3.01194738677159,5.25356134607926,"1",0.0428890619163203,"1",0,0.821506780448618,-0.975926692821885,0.438721750586617,-1.15122133494359,-0.219111376802046,-0.560241851130579,"1"
"67",2.05751576632747,4.05751576632747,3.70331123441032,"0",-0.0649371822981669,"1",0,-0.194152409320457,-1.08914519088452,-0.679112270457868,0.914752241002756,-0.366904910633707,-0.163877591582529,"0"
"68",2.05903137566133,4.05903137566133,3.43335925686341,"0",0.0189167056347143,"1",0,1.21458879448256,0.457786957944971,-1.70296483514544,0.238071491562714,1.09457820784237,0.373684804430444,"1"
"69",2.00189235532571,4.00189235532571,7.1598672372839,"0",-0.179072671595508,"1",1,-0.921516042869578,-0.0711267337208945,1.26516843521333,-0.239067759454706,0.209208082437128,-2.06371425739842,"1"
"70",1.57667822592384,3.07667822592384,4.38392104237982,"1",-0.262160306665594,"1",1,-1.20844272044307,1.77910266685145,0.360357237879846,0.0692353265457363,0.432491426153216,-0.601521948838093,"1"
"71",2.25568086734962,2.25568086734962,2.36615515396829,"0",0.399442676949593,"0",0,-1.22898617755381,0.535137960496205,-0.58363944056009,1.32590834259925,-1.24085358580078,0.58599161230581,"0"
"72",1.36878745192587,2.86878745192587,4.44228404184483,"1",0.120141764734484,"1",0,0.742297024186518,-0.371944875163495,-1.9940787873306,-0.698166634620072,1.49682170962802,-0.294481786351775,"1"
"73",1.9844532296637,1.9844532296637,7.0191001307974,"0",-0.250254272324989,"0",1,-0.082919942339226,-1.02554224849711,1.9022097713993,-0.749408444463181,0.159370441160762,-0.800527545484263,"1"
"74",2.54698118254013,2.54698118254013,5.10137122065999,"2",-0.122233183336084,"0",1,0.789817921820499,-0.582401674605252,3.39037082127154,-0.619615052707355,-0.856281403403253,-0.63569453113499,"0"
"75",1.51173632340537,1.51173632340537,4.37433121961087,"1",-0.237096016919462,"0",1,-0.267706421557085,0.342888392897331,0.207480407355457,-1.58499126820987,0.309046645446821,0.235749032414043,"1"
"76",2.83039107741143,5.33039107741143,8.52536851681808,"2",0.439762069776744,"1",1,-0.591892102212813,-0.450934647056651,0.849806647511189,0.819628137503742,0.870434029844877,-1.63483238484751,"1"
"77",1.63622249916393,3.13622249916393,2.5375134999168,"1",0.262482595286702,"1",0,-0.368352575126506,0.51423012023069,1.22456031207416,0.192369646744246,-1.38367713830156,0.871229240582207,"1"
"78",1.5100287512851,3.0100287512851,6.0093737844215,"1",-0.0530290113392706,"1",0,-1.85261682424173,-0.334338052169782,-0.701804433538609,0.207171974217929,1.69010697003056,-2.16893467443595,"1"
"79",1.36102665968573,2.86102665968573,4.88251723874322,"1",0.108638811846418,"1",0,-1.16961526041411,-0.105559908794475,-0.35119622955654,-0.0433473543476873,-0.158030705178362,-0.503339522315559,"1"
"80",2.50947712623028,2.50947712623028,3.56691910984508,"2",-0.082867989583772,"0",0,-1.44203464635845,-0.730509672807828,-1.7271210366452,-0.51016044142411,1.12117078064864,-0.787182478973486,"0"
"81",2.47743085736554,4.97743085736554,2.69549010853899,"2",-0.0952493789231157,"1",1,1.05432227197535,1.9050435849087,-0.736578232271872,-0.823418613776223,0.0722613190889151,-1.24860020954842,"0"
"82",1.51464112608256,1.51464112608256,1.39176930630367,"1",-0.157720567570049,"0",0,-0.5973300913628,0.332621731470394,0.622409782886114,0.851856403292672,-0.332422844566724,-1.07790734011295,"0"
"83",1.39598686508487,2.89598686508487,5.14752774696785,"1",-0.118923453491902,"1",1,0.78945985279018,0.230633640499451,-0.29071598924087,-1.42618467292015,-1.83492004662686,0.250077353605602,"1"
"84",2.15888562301131,2.15888562301131,5.77181051213046,"0",0.330181493467338,"0",0,1.51649060169196,-1.69186241488407,-0.214211534183077,0.440298941965411,-1.10017221858719,-0.11977403121588,"1"
"85",2.39622111750131,2.39622111750131,5.23983483035831,"2",-0.0108056250170881,"0",1,-0.191774809109942,0.659791899549327,-0.112559551502516,-0.792611650757683,-0.0413402999174309,-0.30085263245286,"1"
"86",1.47794657891219,2.97794657891219,3.60050256775972,"1",0.0238490472855168,"1",0,0.283878906352351,-1.02362358887971,-1.8636669824956,0.282310214545467,0.827852545117142,-2.32076377558186,"1"
"87",2.04051792547892,2.04051792547892,5.88899634167534,"0",0.0487374859198184,"0",1,-1.75106751939608,-0.891521574354298,0.83762993423167,-0.740690522190153,-1.88167865415457,-1.32432071149579,"0"
"88",1.98240829274062,1.98240829274062,0.810830288714787,"0",0.246495175697068,"0",0,-0.818669777519803,0.918341171021649,-1.44349288893542,-0.52334168268403,1.37544111232424,-0.131307112462703,"1"
"89",2.06895201567238,4.06895201567238,3.43123664016574,"0",-0.103212766188956,"1",0,0.0562148493828386,-0.45270064650823,-0.208570162415648,1.76936591702701,1.39899046430298,-0.87803515301306,"1"
"90",2.407751777578,4.907751777578,6.41677748144586,"2",-0.198501430078407,"1",0,0.299086903336152,-1.74837228000318,-0.43856346205883,0.668282618933513,-1.14331625591094,-0.796768930311008,"1"
"91",2.33134094047456,2.33134094047456,2.2511269112142,"2",0.335139386480638,"0",1,-0.759398117298882,1.76990410988936,-0.218593816856198,-2.14489702427566,0.47230056219311,1.0495407129977,"1"
"92",1.55428179843659,1.55428179843659,4.8974181110453,"1",-0.0882326433810571,"0",1,2.6848589992268,-2.37740692539252,1.45996594473579,0.126412416100317,-1.03363921335421,0.175588348517341,"0"
"93",1.6049669585715,1.6049669585715,4.71330199021527,"1",-0.144613193987975,"0",0,-0.458390139092389,0.572811529859585,-0.582059917915369,-0.451812936257225,-0.125199978688284,-1.04384462163877,"1"
"94",1.5325503066198,3.0325503066198,4.97210098160823,"1",-0.247254623776659,"1",1,0.0642435566300379,1.01724924908461,-0.783097595711896,-1.13662618777767,0.928662738846683,-0.468696015002214,"1"
"95",2.61643240494598,5.11643240494598,4.48270292221441,"2",-0.256943144463559,"1",0,0.649791867153518,-0.630967866660535,-1.51965399494385,0.209785890431194,0.868339647698771,-0.28490348155087,"0"
"96",2.39758616968913,4.89758616968913,2.35552653962042,"2",-0.114794695859597,"1",0,-0.0260186347739953,0.444287051411554,-0.805698081611249,0.129965516019362,-0.849174603633478,-0.680295181235103,"0"
"97",2.00256139812619,2.00256139812619,0.762492909417843,"0",0.123597163433306,"0",0,-0.643567387027114,0.439130388388555,-1.16618470736774,-0.328506572568084,-0.386636454475566,-0.964053610494564,"0"
"98",2.35511867805537,4.85511867805537,-0.511049989200326,"2",0.221969627785944,"1",0,1.04530566396331,1.04062315291451,0.407946196248296,1.97270356733745,-0.976163570997166,-0.0518040820003942,"0"
"99",1.6381453402832,3.1381453402832,0.747755694053834,"1",0.141517670767118,"1",0,1.6155453232072,0.484099387952522,-0.863004246007877,-2.24869006681656,0.339543659904915,0.741194719519762,"1"
"100",1.69128095134354,3.19128095134354,4.69070170834357,"1",-0.0727314594190505,"1",0,-0.0296939710498354,-0.244883779092525,0.304042035028136,0.838219387278491,-1.55907516443377,0.226852003567295,"1"
"101",1.6075440282289,3.1075440282289,5.60864040151652,"1",0.0119499874769201,"1",1,0.562267345403066,0.915992057940211,-0.146427487847921,-0.289023270462573,-2.62932544155136,-0.200147012715761,"1"
"102",2.51712355042384,2.51712355042384,1.54363390984471,"2",-0.140919292736014,"0",0,-0.0974124985026302,0.800622356509766,-1.4335621799108,0.656513410579383,1.46981228187286,0.387820244768823,"1"
"103",1.51724304142407,1.51724304142407,1.93260380564888,"1",-0.143443632314802,"0",0,1.01645521770216,-0.936569034135793,-0.790607785722698,-0.453997700638682,2.27347291299472,0.793918367051497,"0"
"104",1.87969749789849,1.87969749789849,7.66030268726186,"0",0.176930099795384,"0",1,-1.15616739425985,-1.40078743399573,0.885112455057677,-0.593864562445098,-0.455033540238828,-0.140513958248364,"0"
"105",1.62029566581741,3.12029566581741,2.26361090315015,"1",-0.203118515720709,"1",1,2.32086022399448,0.160277539993178,0.903076085954568,-1.71037966639463,0.761102487094892,0.455805198945874,"1"
"106",2.13185356159047,4.13185356159047,7.43622177878566,"0",0.391058793098493,"1",1,-0.603531247788338,-0.273962374775183,2.00557327430063,-0.209448428272738,-0.00750278370972113,-1.14557290708596,"0"
"107",1.93465201262606,1.93465201262606,6.20497394741808,"0",-0.0180639187931703,"0",0,-1.45884941443809,-0.985539112562296,-0.00358030839978085,2.47874580135709,1.47431379971599,-0.249650688168871,"1"
"108",1.36063849705943,2.86063849705943,1.70857835783722,"1",0.0429077653258433,"1",0,-0.35091782719307,0.0839306795150329,-1.49582681398214,0.989702208129369,0.554143932569381,-0.420298275494042,"1"
"109",1.49184067716209,2.99184067716209,4.32025879445829,"1",-0.147705540947915,"1",0,0.146708484145002,-1.31999652648691,-0.768417027015159,1.67557215582683,0.203663965116151,0.195664503560041,"0"
"110",2.42829078117545,2.42829078117545,1.15872758913448,"2",-0.114877737952654,"0",0,1.62362120768023,0.161226351326199,0.408488504840148,0.914965318314041,-1.79913645176587,0.357319513842984,"0"
"111",2.02967820767731,4.02967820767731,3.59990679504068,"0",-0.263403226461048,"1",1,0.91120967677132,-0.62492838754192,1.90013633489472,1.14426270796186,1.08295568079775,-0.123617978997338,"1"
"112",2.37957846913209,4.87957846913209,2.98751629831729,"2",-0.0365850776745455,"1",1,0.142458432045787,0.957164274192481,0.110009123439723,0.902876414499107,-0.350853615046856,-0.766214222789801,"0"
"113",2.67578079852002,2.67578079852002,-0.308166982650672,"2",0.0837964809848928,"0",0,-1.38948352398816,2.42448914116153,1.14038682512847,0.475392431765103,-1.40349008471503,-0.929714216784719,"1"
"114",2.00260667958488,4.00260667958488,6.22472631768754,"0",0.064860868832276,"1",1,-0.866037744672114,-0.915979243686792,0.768081304692261,-0.582528773997008,-0.20179666491333,0.278520610602079,"1"
"115",2.13192647895115,2.13192647895115,2.64091408513349,"0",-0.15630729741095,"0",0,-0.163284932229294,1.05766417094298,-1.16809162211733,-0.532934737323476,-0.126778159792303,1.35683685227542,"1"
"116",2.26470701749078,4.76470701749078,4.38764757036187,"2",-0.1577243941708,"1",1,2.55302611346059,0.825149727768283,-0.171112652264859,-1.60083999637529,1.05920687266615,-0.787135594929695,"1"
"117",1.46476835910872,2.96476835910872,7.03177302738933,"1",-0.100439743668572,"1",1,-1.86022757421841,-0.0701942243053587,1.30526153634768,-0.00581771387999253,-1.167396032264,-0.384798672297195,"0"
"118",2.02197967195524,4.02197967195524,1.25095819689074,"0",0.29921213396927,"1",1,1.13105465184602,-0.453646374057015,0.876096109595914,0.899355675856713,-0.557643627318445,0.330680560251943,"0"
"119",1.42944576308659,2.92944576308658,0.47788076115185,"1",-0.227460724133149,"1",0,-0.527234257233921,1.57530770683748,0.463796141567798,1.03192255652607,1.48811992838316,-0.55462045006283,"0"
"120",1.65594329436041,3.15594329436041,6.63773954565105,"1",-0.0358103188760397,"1",1,1.66599089998742,-2.00545781823625,0.477114245376879,0.0951327044554184,1.35866576877003,0.121572314820453,"1"
"121",1.50323102804631,3.00323102804631,8.22403995464256,"1",0.380472364335785,"1",1,-1.1392006399734,-0.643194791593663,-0.491405300209402,-0.547627617221911,1.16321454390236,-0.0475961169783602,"1"
"122",2.53224686313949,5.03224686313949,4.19643974514312,"2",-0.0201949770657617,"1",0,0.143623234662747,-1.43684344365778,-1.3193853133442,3.29051744331853,1.66152394534788,-0.776251590566683,"0"
"123",2.65861029814875,2.65861029814875,3.65119485983418,"2",-0.271968140764279,"0",0,-1.09955094170275,1.39531343894608,1.29542579083131,0.736685531250424,0.204030979829896,0.831441251138311,"1"
"124",2.53549575492479,5.03549575492479,2.10542798119668,"2",-0.132953887054812,"1",0,0.903516426361675,-0.190703432644857,-1.42021949166693,1.42057530487914,-0.581883686869775,0.84630783722297,"1"
"125",1.42190130789518,1.42190130789518,4.34699020446146,"1",0.0970919957809756,"0",0,1.48377948873809,-0.524671199469671,-0.93889591970583,-0.337680640667324,0.555204061863422,1.0241395066572,"1"
"126",2.09975968136068,2.09975968136068,-0.843865486593098,"0",-0.0751205743339547,"0",1,1.95072100640115,3.18404447406633,0.62896499251984,-0.0379576270545946,1.05872312582593,1.26799658618238,"1"
"127",2.52968701010072,5.02968701010072,2.57220928257934,"2",-0.112375272709957,"1",0,0.797600657589519,-0.0500372678876282,-1.2621945493896,0.448607097706726,2.41363327147105,-0.506361787922575,"0"
"128",2.39838137191902,2.39838137191902,2.87347776292338,"2",-0.0687834468256919,"0",0,1.84326625457782,-0.443749311866524,-0.551870413272792,1.67652231194829,-1.96498233271119,-0.464481896508305,"1"
"129",2.36152268096553,2.36152268096553,2.14937241654122,"2",0.0180993294278442,"0",0,1.24642390866165,0.299865250136145,-1.18279950678248,-0.311474545456128,0.273235703066817,0.26121800049174,"0"
"130",2.31088095510652,2.31088095510652,5.66263780453407,"0",0.319701754229165,"0",0,-0.131874911824015,-1.56842462075497,0.62066355772895,0.853615666783069,0.654794582869646,0.630080976551625,"1"
"131",1.43246343662168,2.93246343662168,4.33452832231387,"1",-0.0177130224277768,"1",1,0.4770372382847,0.490302642672068,0.446313016638096,-2.09481463432023,-0.0545986553603831,-0.339626156224904,"1"
"132",1.86116793664345,1.86116793664345,6.45196257469404,"0",0.216159899230303,"0",1,-0.971994211475933,-0.0961632010799668,0.421884693273688,-0.507254434081633,-1.55782224848511,-0.423344808400481,"1"
"133",2.06923996645177,2.06923996645177,1.63507977025659,"0",0.126150823130113,"0",0,-0.185202169400994,0.468525122530146,0.442464772145637,-1.29200907676331,0.741500892086244,-0.618271527554652,"1"
"134",2.03153958664012,4.03153958664012,2.8511630261161,"0",-0.0227279791012281,"1",0,1.22096370834882,-0.982370635937854,0.557245746378939,1.1133627173571,-0.779085741263919,1.48220189072674,"0"
"135",1.45860810844638,1.45860810844638,9.62955396639219,"1",-0.30658040057812,"0",1,0.54128414348235,-1.02298384214794,0.639356491970517,-0.164453088280257,0.505861498830513,-2.50816635204148,"1"
"136",1.31656688898793,1.31656688898793,5.91299862327218,"1",-0.104223463510504,"0",0,0.45735733162533,-0.693414663276185,-1.96866155667422,-0.390374082006742,0.90755170601785,-0.16757803378388,"1"
"137",1.99796867071846,3.99796867071846,6.29676842222719,"0",-0.0979740906276949,"1",0,-1.03813103968721,-0.767989573092782,-0.148816361359868,1.36909984619857,1.28395701047459,0.0382128770535341,"1"
"138",2.1140285707921,4.1140285707921,-0.389066390944978,"0",0.00943088655230545,"1",0,-0.604513230334117,1.29904996668359,0.112463812551901,1.11627285824002,-1.55786379738557,-1.05960960299357,"0"
"139",2.13123306757448,4.13123306757448,2.06226642332982,"0",0.260039735533364,"1",1,-0.764606013753569,1.57914556180809,0.72467620264776,-0.898021203467497,1.08174184817912,0.385425894820638,"0"
"140",1.66103470479285,3.16103470479285,7.01314102216367,"1",0.458615794766219,"1",1,0.395295870013499,-0.156891953039067,-1.18748607600528,0.427866487609647,-0.756981356946019,-1.96708768381011,"1"
"141",2.51238146220658,5.01238146220658,2.06112184150808,"2",0.309516211796754,"1",0,-0.990507630466559,-0.35893656058468,-0.499600189815913,-1.22844456851225,-1.28901947384896,0.954968861111918,"0"
"142",1.52781584284712,1.52781584284712,1.97093758626251,"1",-0.0266301928657889,"0",0,0.562041390099052,-0.329038830421669,-1.07364299075116,-0.475615024211179,1.31432066591943,-1.6633605848706,"0"
"143",2.6391508743754,2.6391508743754,0.96923969748633,"2",-0.351305479111528,"0",0,-1.11641641193354,0.0692364778530165,1.05724021270968,1.61657763714695,1.14625997326498,-2.20273488009703,"0"
"144",2.56901716597758,5.06901716597758,1.15068505369599,"2",-0.0777559728143487,"1",0,1.82853045813536,0.0969042337010548,1.27907258320933,1.45012795133044,-0.242583267705004,-0.763563825792029,"1"
"145",1.96073852211705,1.96073852211705,3.6087823231522,"0",0.0178414446146589,"0",0,0.460591349478104,0.290034387765571,0.787676725359233,1.10901875546684,0.759540706238345,0.162080393912321,"1"
"146",2.61849728440203,2.61849728440203,2.56711818116043,"2",0.169002600813487,"0",0,-0.70100361225327,-0.746678941046256,-1.22240338257699,-0.570903886330324,-0.860325741423062,-0.651567164764164,"0"
"147",2.45397725087095,4.95397725087095,6.89727376316458,"2",0.192505593696854,"1",1,0.241045932501223,-0.846896388820319,0.451952116736654,-1.88143147027555,-0.151031579052044,-0.559286995277619,"1"
"148",2.48567670579554,4.98567670579554,2.67365104457297,"2",0.136861885883293,"1",1,-0.352453199227956,1.19707766374608,1.15044918638092,-1.17569818402416,-0.0937232337608719,0.333204975057779,"1"
"149",2.65195307282092,5.15195307282092,3.87564121118176,"2",-0.279054869959894,"1",0,0.371147959759657,-0.548627361103323,0.167940980736459,0.95255652462752,-0.280740054504004,-1.05890092148845,"1"
"150",2.12787289306244,2.12787289306244,3.39025678720402,"0",0.169928609126671,"0",0,0.2435327187603,0.303045695225451,-0.56610933289597,-0.290567886165088,0.734098736497243,-0.0858495457604726,"1"
"151",1.81412606375639,1.81412606375639,4.74650504665207,"0",-0.0893114432854445,"0",1,-1.01411417266147,-0.056970533803332,-1.08611824061135,-2.16260814556798,1.53732753549595,0.497932992929394,"0"
"152",1.51194128006096,3.01194128006096,3.61338029071032,"1",0.0349605400322511,"1",1,-0.79131387881947,-0.957849392150669,-0.665302795560156,-0.180187487716462,-0.455771062778902,1.63398965670861,"0"
"153",1.56110021629418,1.56110021629418,5.3860362266714,"1",0.0149102354347469,"0",1,0.299593684739564,0.591061909411507,0.714848355949339,1.41023922112458,-0.0326584523557289,0.479451881240197,"1"
"154",2.36225063979595,4.86225063979595,4.71345435391245,"2",0.0856333529941011,"1",1,1.63905190875156,0.173104873492955,-0.431661100381928,0.643468640519534,1.6367573491655,1.71476299216676,"1"
"155",2.54808691417862,2.54808691417862,1.41371486428573,"2",0.00493499656522799,"0",1,1.08461700867092,1.39978335621251,0.227614939940088,-0.821258543529422,-0.329041970526538,0.453160033529716,"0"
"156",1.52840150100305,3.02840150100305,4.29584269653066,"1",-0.333495019517133,"1",1,-0.624567473618094,0.117459584626988,1.2949457956703,-1.54591665206502,-2.6040381706071,-0.00324112682536025,"0"
"157",1.62372235346155,1.62372235346155,7.24127448917319,"1",0.147299192954688,"0",1,0.825922901647494,-0.331545758200853,0.578334940469455,-0.826547225636788,0.513983786447932,-2.25653485624939,"1"
"158",2.55980886366914,2.55980886366914,1.49699018678065,"2",0.0772053136699352,"0",0,-0.0485683527562885,0.278294913305364,1.36467278147354,0.0345276713215226,-0.886468011111257,-1.22465855193064,"0"
"159",1.57972806094008,1.57972806094008,5.40846544929498,"1",-0.0531303250556445,"0",0,0.301313651718405,-1.18559164903534,-1.70157980266041,0.888073700912057,-0.998538406003926,-0.318962623738223,"1"
"160",2.51263025794832,5.01263025794832,6.26189463457264,"2",0.0236289022093361,"1",1,0.260361490736558,-0.835894053393597,-0.280676279713792,-1.93994015479026,1.42081681358485,0.712270455853782,"1"
"161",1.58708349775386,3.08708349775386,2.00393434039044,"1",0.0268077290736927,"1",0,2.57544976372339,0.510273251139431,0.0650680194921931,1.02320175527412,2.44799800701523,-0.32251357317817,"1"
"162",1.64000543705077,3.14000543705077,4.41965180112845,"1",0.0442038937122004,"1",0,-1.18528881058722,-0.333120901223949,0.578589291608515,0.00545772658802192,-1.03978254140354,0.543648621254837,"1"
"163",1.80431984716168,1.80431984716168,4.35868301297282,"1",0.328169233195497,"0",0,0.100919859012857,-0.0659609463524635,-1.16920662152897,0.569778969605829,1.03102518166676,-1.06381135183874,"1"
"164",1.49907981726553,2.99907981726553,5.2170291984915,"1",-0.0438100757866952,"1",1,-1.77997728796762,-0.11522170942195,0.806184855447289,-1.65325556323487,-0.0941478383696331,-0.274129717350557,"0"
"165",1.27622472989717,2.77622472989717,2.77325272741225,"1",0.0336130767769315,"1",1,0.589835922958758,-0.650512618774529,0.307390076162333,-0.666654380122182,0.141807459220448,0.21700603247715,"0"
"166",1.55775743545332,1.55775743545332,6.63157838609545,"1",0.233676774613819,"0",1,1.0966084717214,-2.01868865908242,0.263806013604717,-0.448234189265524,1.2222367014564,-0.359385718165611,"0"
"167",2.06500802604692,4.06500802604692,3.1219546903502,"0",0.210836204675384,"1",1,1.44566224110115,0.348834970176592,0.508484791605046,1.04389134830903,0.213674518441066,0.11283169498315,"0"
"168",2.53693056896548,5.03693056896548,4.348920629466,"2",0.229052622076071,"1",0,-1.92514525183712,0.761639507646859,-0.116358439876994,1.02817404739542,-0.851365353860758,-0.670748026053258,"1"
"169",1.57016763376762,3.07016763376762,5.52485838076163,"1",-0.115493600211911,"1",1,0.41276949719403,-1.28871623535013,0.925546098499114,0.435090459248337,-0.470408874742861,0.374345223259504,"0"
"170",2.76146527985627,5.26146527985627,-1.48467472280411,"2",0.400496546058566,"1",0,1.59336995138365,1.48240271845861,0.64822977373149,1.60421218162388,0.686135255298873,-0.0810548925112574,"1"
"171",1.44837971723053,1.44837971723053,3.66704200457285,"1",0.0133401741860366,"0",1,-0.414015863042303,0.385154823687235,-0.150209374167699,-0.515411199745366,-2.3359473318599,-0.0470493466531285,"0"
"172",2.60999589968781,5.10999589968781,3.75855386209499,"2",0.373370368941373,"1",1,-0.212150532081949,1.34164029499387,1.0403770193407,1.01253719377392,1.09524438184847,-1.94878708644615,"1"
"173",2.11278174356503,4.11278174356503,6.44948662121117,"0",-0.270180537206142,"1",1,-0.0365372222047413,-0.957170471242288,0.292558684946182,-0.035940029790719,-1.56715009883224,-0.673668581278741,"1"
"174",1.94499523828694,1.94499523828694,3.58444249994591,"0",0.0041967172708475,"0",1,0.365018751433036,0.166781288354251,0.668751399439465,-0.667342096176409,0.0219310628183824,-1.48964408489825,"0"
"175",1.57161819573767,1.57161819573767,0.536498658736574,"1",0.249982914193843,"0",0,0.665159875745969,-0.100013958938808,-0.594177641624221,0.923380038330837,-0.19035897759196,-1.6057180576203,"0"
"176",1.3242920955668,1.3242920955668,1.17729257062472,"1",-0.143048437444559,"0",0,1.31782088371148,0.768507431881776,1.58043183698592,1.3811003308495,1.29306948602434,-0.493883100845236,"0"
"177",1.41067165517531,2.91067165517531,2.03176473722401,"1",-0.150537793643548,"1",0,-0.0954875904449924,-0.575859567912693,-0.0039889443499837,0.878250416184849,0.188849315056629,-0.160798367745603,"0"
"178",1.40245864836631,2.90245864836631,4.77942455317906,"1",-0.187707740721379,"1",1,0.196278045472469,-0.0100976719524611,0.847842768893476,-0.509403455422264,0.101939134905212,0.283600225800619,"1"
"179",1.95894899845465,3.95894899845465,6.34427939069521,"0",-0.210502655867747,"1",1,2.48799787722146,-1.77865914874394,-0.100116525892691,-0.469787634155099,0.698135808858598,1.09126265030032,"1"
"180",1.43831388550495,1.43831388550495,3.97458241490422,"1",-0.0874319066360798,"0",0,0.431098928114991,-0.7776214428705,-0.279629906980599,1.377675846806,-0.827014556190432,0.444400296922585,"0"
"181",2.04261770003871,2.04261770003871,2.3429183712315,"0",0.0662358345917964,"0",1,0.188753109329833,0.12503388366511,0.784438245280006,0.352826406417748,-0.195898856066376,1.01207034075848,"0"
"182",2.76049305744963,5.26049305744963,2.7464868510637,"2",-0.402842099584144,"1",0,-1.34224312528345,-0.706321492388223,-1.58461664459117,0.829573979321121,1.17758441380777,-0.526310287634533,"0"
"183",1.92905907525655,1.92905907525655,1.45295843073563,"0",0.0423960866744584,"0",0,0.00285604762222659,-0.04356948581148,0.47836614779403,-0.338701983664306,0.683473620979851,-0.307840173188787,"0"
"184",2.46149070857938,4.96149070857938,4.38121511913952,"2",0.247335009283314,"1",1,-0.221326153166881,-0.46792597392522,0.393566372994815,1.26103493646465,-1.27549670675253,1.08516888442625,"1"
"185",1.56189942929339,1.56189942929339,2.01552321531369,"1",0.407514803648087,"0",0,-0.0110458298093738,0.60693013616149,-2.69532936912452,-0.808755144962193,0.637956367410881,0.00120718393810378,"0"
"186",1.5262634858708,3.0262634858708,-0.651055191292718,"1",0.260235198440117,"1",0,-0.575417641271167,1.16848830874956,0.368377328533257,0.625351520866631,-1.37758962460372,-1.68024471568337,"1"
"187",2.49900541490948,4.99900541490948,4.2955012123501,"2",0.151354952759192,"1",0,-0.686815652442701,-0.822501412807523,-2.16841774734701,-0.817174965568112,-0.59831080371967,-0.846555519092125,"1"
"188",1.66762566823285,1.66762566823285,4.17448718982537,"1",-0.345346079822866,"0",1,-0.720773631820122,-0.307036558594728,0.65980437689272,-2.46257501658577,1.21092038385701,1.00759205983273,"1"
"189",1.98233992857425,1.98233992857425,1.91834166632972,"0",-0.120301341601356,"0",1,-0.214504515399774,1.43976125836974,-0.45391373338119,-1.34295751067967,-2.25104517544585,-0.61073725767746,"1"
"190",1.79710854141769,3.79710854141769,4.74300999417364,"0",-0.0704092913165234,"1",0,1.36813264802863,-2.19892325418371,-0.694936825234894,0.136295199210162,-1.77901419088083,0.333444132777122,"0"
"191",2.510654407715,2.510654407715,3.49771584435841,"2",0.140704780551379,"0",0,1.04908662655933,-0.319837791740735,-0.00684630317266509,0.882922749625827,1.30137267282642,0.0142226956806451,"0"
"192",2.61916533829836,5.11916533829836,3.0650218127011,"2",-0.0211342668007549,"1",1,-0.359975117943056,2.06470428414334,1.37305204498399,-1.75130208309482,-0.814792784052655,-0.496357607349662,"0"
"193",2.18252798160774,4.18252798160774,1.23534739000469,"0",-0.251729725612034,"1",1,-1.68591645453874,2.19359006906425,-0.635323077217894,-1.25142446891953,1.24370701857891,-0.350786392406381,"0"
"194",1.53459662437698,3.03459662437698,1.60795918508194,"1",0.336887141618823,"1",0,-0.844583428535954,0.156595323350149,0.558103293948777,1.76454599657549,-0.168250200756106,0.391720547858095,"0"
"195",1.8784477091067,3.8784477091067,3.0489410377368,"0",0.182278258359193,"1",0,-0.457760533240508,-0.863608950613638,0.341157868421877,-0.433899349823264,0.427775678362924,0.209578828892245,"0"
"196",1.74806097455833,3.24806097455833,4.28050614240379,"1",0.0474860544982052,"1",0,0.103638004228304,0.165457419490438,-1.17951862914156,0.505700131930602,0.813278889629239,1.23467013989917,"1"
"197",1.54310934921405,3.04310934921405,0.688822333460434,"1",0.243621722065162,"1",0,-0.662607275700815,-0.65277439594702,-1.74102201733397,-0.526935321377321,-0.651211869360044,-0.199819784434937,"0"
"198",1.5619475386759,3.0619475386759,-1.21182820703889,"1",-0.267754857446995,"1",0,2.00668069083189,1.45281728229148,-1.99258577123914,-0.298582885151505,-0.304590923146605,-0.923208042026682,"0"
"199",2.55952475750865,5.05952475750866,4.82418519865058,"2",0.13216405955796,"1",1,-0.272267534418351,-0.806482655703046,0.551274211467889,0.0872442066052375,-0.415097169645636,0.165903101579443,"0"
"200",1.34953354847016,2.84953354847016,4.3099321581846,"1",-0.104582475262684,"1",1,-1.21394447023951,0.372911595208748,-0.0347420615312984,0.0109618427990058,2.81608427602238,0.70533455324418,"1"
"201",2.44587840642691,4.94587840642691,-0.462641133540802,"2",0.136749104370143,"1",1,-0.141261757282513,0.619850074568692,1.85057170361062,-0.192560211042065,0.126147069097579,2.28196695572699,"0"
"202",1.84610373187775,3.84610373187775,7.25770572323014,"0",-0.0121643909320148,"1",1,-1.00537758159341,-0.757510160695849,0.573675108263045,-0.469796485143739,0.472800423111086,-0.463683013103733,"1"
"203",1.44671610916859,1.44671610916859,2.72402585198298,"1",0.12659214260629,"0",1,0.156155707275326,0.851524681506183,0.849695891082609,-3.04786088979872,-0.34075354094095,-0.326353571908267,"1"
"204",1.58322923530581,3.08322923530581,4.37202502885862,"1",0.267103523011878,"1",1,0.233633614089869,-0.747929970916306,1.33438358533495,1.8686555003337,-0.24179064265461,0.882493210397949,"0"
"205",1.36353118001798,2.86353118001798,1.86633061014276,"1",0.00145801806337976,"1",0,0.355587611628384,0.63023982965398,-0.500719097964974,1.79042420824304,1.37875466885731,1.28128612650446,"1"
"206",2.10041529112216,2.10041529112216,5.17333370371383,"0",0.203511727390418,"0",1,-1.62185825912421,1.09666163310355,0.510097928228489,-1.10108174171923,-0.338883669537391,-0.658681856604976,"1"
"207",1.58542942111766,1.58542942111766,5.36811349901218,"1",-0.237686807029596,"0",1,0.220711290970649,-0.988442922383206,0.868793270244154,-0.168107522109968,0.0201363027607609,0.664570454944413,"0"
"208",2.43040701617621,4.93040701617621,3.57465389089147,"2",-0.144320888087203,"1",1,0.310450080541646,1.1079950409796,1.36935168800303,1.37527530471249,0.376962164141067,-0.565157514042339,"1"
"209",2.61495339242193,5.11495339242193,6.59597986352443,"2",0.303843542277636,"1",1,-1.42110844750449,-0.489532871212412,0.762651146326369,0.998290023052202,-0.431723745037877,-0.962178270242238,"1"
"210",2.58050498353671,5.08050498353671,2.15605313901911,"2",0.0754775946047859,"1",0,0.955365639730411,0.294353388436968,0.421147173037333,1.27660161874577,1.95906415617703,0.623360901900257,"1"
"211",1.77457426551453,3.27457426551453,2.16971418046551,"1",-0.410444564086746,"1",0,0.784170879094338,0.20183747228877,-0.868224047271223,-1.0717469181598,-1.42845961222117,0.106497772201071,"1"
"212",2.55313909896268,5.05313909896268,0.114508333317276,"2",-0.272807490416475,"1",0,2.29961936115445,-0.427196386338202,0.729560360957693,2.57726809619797,2.01129297984563,0.38933087814222,"0"
"213",2.49224884125774,2.49224884125774,4.64522843511463,"2",-0.0401562031178242,"0",1,0.156702987375728,0.268102869997785,0.500265872418287,-1.13345995977033,-0.351591888879179,-0.580503496721951,"1"
"214",2.0213115455806,4.0213115455806,4.16736787629763,"0",0.173155880866898,"1",0,0.0467335275180007,-1.23043092542384,0.634250253706911,0.753916341883288,1.35711964684949,1.79497795592676,"0"
"215",2.64456138351731,2.64456138351731,3.46937747510343,"2",-0.0203766511430445,"0",1,0.0965858340824363,-0.136136872184964,0.423645045572256,0.141275980445689,-1.99917741100747,0.665288009047707,"0"
"216",2.1280915892369,4.1280915892369,3.31805407489581,"0",0.124837494404131,"1",1,0.0697662309003006,0.825790831665171,-0.201838044710004,-0.403710317962031,0.956080621428453,-0.374402425652033,"0"
"217",1.62022780936074,3.12022780936074,8.98537483292902,"1",0.191801075557565,"1",1,-1.84847277533767,-2.17412464922931,-0.0768658984340142,-0.379415798181019,0.876431264976865,0.702748931010458,"0"
"218",1.58296288965858,3.08296288965858,8.25128391074794,"1",0.334210965772588,"1",1,-1.67112705864224,-1.48792618735825,0.687364113281517,-0.991396812531003,-1.27121697156009,-1.21451438389368,"0"
"219",2.03744965839291,2.03744965839291,5.21613775644835,"0",0.0112033466549924,"0",0,-0.0775389667912034,-1.16193755759697,0.17163150692454,1.62265979575681,-0.768323878489628,-0.137750126949227,"0"
"220",2.04043711786488,4.04043711786488,5.94724963638524,"0",-0.0103963812361798,"1",0,-0.581067380566498,-1.58908969414543,-0.830108574326988,0.0895132277627515,0.193524845470222,1.40335789868052,"1"
"221",2.51878632007075,2.51878632007075,6.32611310665012,"2",-0.350647471828454,"0",1,0.0547365250574253,0.419583039296359,-0.290159119805667,0.259217949214378,1.14383542879701,-0.188839311604344,"1"
"222",1.82756418730582,3.82756418730582,5.41155273068055,"0",0.0198655188175655,"1",0,-2.11120837326053,-0.992928349756011,-1.31912572417651,0.209632833061035,-0.765999304028674,0.910490371995549,"0"
"223",2.07726350231377,2.07726350231377,8.45980627015575,"0",-0.114370011579113,"0",1,-1.49869825452676,-2.16454708532897,-0.967031902668912,-0.375170753060867,-0.224125999053298,-0.221922000189912,"1"
"224",1.88501673357773,3.88501673357773,3.2198579594834,"0",-0.194801916560818,"1",0,-1.10148343893874,-0.63756876508045,-0.144611070135517,-1.13402124475505,1.57134693497734,-2.29802640030622,"0"
"225",2.50146301892721,5.00146301892721,2.09116716244278,"2",-0.0359812462095081,"1",0,0.986058221060247,-0.390635251474806,-1.79813255637493,0.253726309683961,-1.12734724085149,-0.880212545566096,"1"
"226",1.56622916789079,1.56622916789079,3.7781181752801,"1",0.202988634548732,"0",0,-1.09849000709012,0.85678547377811,-1.68854247459158,-2.09363944995893,0.947793980716858,0.22273568903497,"1"
"227",1.71522860059741,1.71522860059741,4.50305213810512,"1",-0.398549697737717,"0",1,-0.799513953576531,-1.10375213599883,1.10256519943608,-1.41856694283561,0.448768189234897,1.44655271093401,"0"
"228",1.52624532732247,3.02624532732247,-0.196001617481939,"1",-0.0854558574410857,"1",0,0.0798738186740527,1.1612892557387,-0.57661892421144,-1.07639669493838,-1.10581452855633,-0.593402125000833,"0"
"229",1.92725878960715,3.92725878960715,0.96708632194118,"0",0.0233274567165413,"1",0,-0.322746361825109,0.398362715628605,-1.85169172955149,-1.07867886267235,-0.667867842173781,0.275979011382551,"0"
"230",2.13054937651769,4.13054937651768,1.74163909500454,"0",-0.178641514010991,"1",0,0.146417178667962,0.362352157635545,-0.112863239428975,0.107188816567081,0.783277510302197,-0.964819289479567,"1"
"231",1.67832302369101,3.17832302369101,8.03991659257935,"1",0.066780588499845,"1",1,2.30506198204569,-0.852525670314502,1.32106926722151,1.59848754832474,0.248959432712127,-1.0164562413338,"1"
"232",1.59488886407566,1.59488886407566,4.66772618907661,"1",0.0822859841231461,"0",1,-1.12460367125824,1.95366787989804,0.662254296934641,-1.51532414406497,1.42509827746748,-0.777316643416822,"1"
"233",1.30567856538039,1.30567856538039,5.61601069799458,"1",-0.00660723185519835,"0",1,-0.305469639909805,-0.164270832097155,0.441383198353637,0.433676020596611,-0.601783962091586,1.36906206733358,"1"
"234",2.88318377461985,2.88318377461985,6.85143908711657,"2",-0.493179638752005,"0",0,-0.516759449743733,-1.82489758417833,1.18374591227984,0.899544753321039,-1.71448769637948,0.940310089910901,"1"
"235",2.75889028521913,2.75889028521913,3.87035519810194,"2",0.514291629173328,"0",1,1.51239542683245,-0.203856471392496,-0.771501441100894,-0.989532202288876,1.04782692647826,0.5936651573177,"0"
"236",1.55417733933661,1.55417733933661,8.66729755705363,"1",-0.0410598514936399,"0",1,-0.769484922890278,-1.93444407073205,0.729689191352037,-0.0527994015224791,-0.608621618434128,1.11546255343648,"1"
"237",2.5791654311865,5.0791654311865,7.90742672166261,"2",0.130238656317534,"1",1,-0.0820869037757183,-0.310510115786673,-0.58708561577886,0.823610902622057,0.120340526822556,-0.424424996733506,"1"
"238",1.99332931634391,3.99332931634391,6.05810962001033,"0",0.0547532982073096,"1",1,0.787133614322708,-0.422227003189619,0.000764186362514016,-0.255509102547389,1.7190418138518,0.759576936893122,"1"
"239",2.53447188976125,5.03447188976125,3.15362123140149,"2",0.20493464696367,"1",1,-1.0585905359484,0.68182969040341,2.21446531934013,-0.220684347251213,-0.250414052311195,0.209629277871549,"0"
"240",2.12865838574288,4.12865838574288,3.67764551763184,"0",0.163531889274818,"1",1,1.65517581574201,1.00949618573749,0.969434395709261,0.307726791210618,1.54955532739698,-1.04910092481282,"1"
"241",1.57292071923639,3.07292071923639,2.03388500859396,"1",-0.0419586342457017,"1",0,0.675762415474246,-0.726104964901155,0.768007713717215,-0.0600132533332709,-1.09713964993245,-0.831062222281743,"0"
"242",1.60474665916191,3.10474665916191,0.979217320962549,"1",0.0756335544417014,"1",0,-1.07420660953035,0.806108868375026,-1.10832791181816,-0.555652889939218,0.925511236116236,0.0500529319191458,"0"
"243",2.77404458384171,5.27404458384171,1.25560144842488,"2",-0.189081766224779,"1",1,0.454577809057738,1.42432310966876,-0.786235919994713,-0.138615019460891,0.246799211870998,0.205630061496544,"0"
"244",1.59581426823376,3.09581426823376,5.90934280288048,"1",0.171384602179864,"1",0,-0.213307143233068,-0.784144004842646,2.2841164802616,1.88283979238647,-0.73677153935145,-0.321358418660978,"1"
"245",2.52924036973538,5.02924036973538,0.19468515791778,"2",-0.0922076677768708,"1",0,0.313228771994335,-0.652404366499333,-1.09330076397331,0.873668679606028,-1.28000893888965,-0.996491243786537,"0"
"246",2.01256842668567,2.01256842668567,5.33059858370938,"0",0.483354670757642,"0",1,-0.0899751970156634,0.650778363153682,0.214479375285073,-0.914597072827623,0.0766436635945079,-2.09089194048916,"1"
"247",1.87820989856274,1.87820989856274,2.6848599511606,"1",-0.330209779137637,"0",0,1.07051603677834,0.183047969943935,0.892571059637072,-1.24491762233132,0.255164762454082,0.425235479441099,"1"
"248",1.96034368428578,3.96034368428578,2.77581954482801,"0",-0.092797448593203,"1",1,-1.35110038570333,0.548774960444283,1.01875797234226,-0.359982240682608,0.277446817034678,-0.295271709137097,"0"
"249",2.26472354822348,2.26472354822348,4.88896989865525,"0",0.165075972551848,"0",1,-0.522616697195916,1.40468429454756,1.08911201091924,1.32877470094798,0.536856022231548,0.54916088318128,"1"
"250",2.0478737654159,4.0478737654159,2.3462548145262,"0",0.102026509375733,"1",0,-0.249190677755399,0.387083119576395,-0.163128989885215,0.292679118416953,-0.460485565976711,-1.54589181325016,"1"
